{
         "Date": [
                  "2022-02-07"
         ],
         "Velocity": [
                  7665.016155561944
         ],
         "footprint": [
                  4491.3257946406
         ],
         "location": [
                  "Bermuda Triangle"
         ],
         "visibility": [
                  "daylight"
         ],
         "timestamp": [
                  "13:52:02"
         ],
         "daynum": [
                  "2459618.0778009"
         ],
         "solar_lat": [
                  "-15.197292157726"
         ],
         "solar_lon": [
                  "335.52369898628"
         ]
}